first_name,last_name,email,phone_number,age
John,Doe,johndoe@gmail.com,123-456-7890,30
Jane,Smith,janesmith@yahoo.com,987-654-3210,25
Michael,Johnson,michaeljohnson@outlook.com,555-123-4567,40
Emily,Williams,emilywilliams@hotmail.com,444-789-1230,35
William,Brown,williambrown@aol.com,321-654-9870,28
Sophia,Jones,sophiajones@protonmail.com,666-777-8888,32
Matthew,Davis,matthewdavis@icloud.com,222-333-4444,45
Emma,Miller,emmamiller@live.com,777-888-9999,22
Alexander,Anderson,alexanderanderson@mail.com,111-222-3333,38
Olivia,Wilson,oliviawilson@inbox.com,999-888-7777,29
Ethan,Martin,ethanmartin@me.com,333-444-5555,31
Sophia,Thompson,sophiathompson@yandex.com,444-555-6666,27
Liam,Garcia,liamgarcia@fastmail.com,555-666-7777,33
Isabella,Martinez,isabellamartinez@zoho.com,666-767-8888,26
Mason,Robinson,masonrobinson@tutanota.com,777-889-9999,34
